Cured,Date,Deaths,State/UnionTerritory,Total_cases
0,2020-01-30,0,Kerala,1
0,2020-01-31,0,Kerala,1
0,2020-02-01,0,Kerala,2
0,2020-02-02,0,Kerala,3
0,2020-02-03,0,Kerala,3
0,2020-02-04,0,Kerala,3
0,2020-02-05,0,Kerala,3
0,2020-02-06,0,Kerala,3
0,2020-02-07,0,Kerala,3
0,2020-02-08,0,Kerala,3
0,2020-02-09,0,Kerala,3
0,2020-02-10,0,Kerala,3
0,2020-02-11,0,Kerala,3
0,2020-02-12,0,Kerala,3
0,2020-02-13,0,Kerala,3
0,2020-02-14,0,Kerala,3
0,2020-02-15,0,Kerala,3
0,2020-02-16,0,Kerala,3
0,2020-02-17,0,Kerala,3
0,2020-02-18,0,Kerala,3
0,2020-02-19,0,Kerala,3
0,2020-02-20,0,Kerala,3
0,2020-02-21,0,Kerala,3
0,2020-02-22,0,Kerala,3
0,2020-02-23,0,Kerala,3
0,2020-02-24,0,Kerala,3
0,2020-02-25,0,Kerala,3
0,2020-02-26,0,Kerala,3
0,2020-02-27,0,Kerala,3
0,2020-02-28,0,Kerala,3
0,2020-02-29,0,Kerala,3
0,2020-03-01,0,Kerala,3
0,2020-03-02,0,Telengana,1
0,2020-03-02,0,Kerala,3
0,2020-03-02,0,Delhi,1
0,2020-03-03,0,Telengana,1
0,2020-03-03,0,Rajasthan,1
3,2020-03-03,0,Kerala,3
0,2020-03-03,0,Delhi,1
0,2020-03-04,0,Uttar Pradesh,6
3,2020-03-04,0,Kerala,3
0,2020-03-04,0,Haryana,2
0,2020-03-04,0,Delhi,1
0,2020-03-04,0,Telengana,1
0,2020-03-04,0,Rajasthan,15
0,2020-03-05,0,Delhi,2
0,2020-03-05,0,Haryana,2
3,2020-03-05,0,Kerala,3
0,2020-03-05,0,Rajasthan,15
0,2020-03-05,0,Telengana,1
0,2020-03-05,0,Uttar Pradesh,7
0,2020-03-06,0,Delhi,3
0,2020-03-06,0,Haryana,2
3,2020-03-06,0,Kerala,3
0,2020-03-06,0,Rajasthan,15
0,2020-03-06,0,Uttar Pradesh,7
0,2020-03-06,0,Telengana,1
3,2020-03-07,0,Kerala,3
0,2020-03-07,0,Uttar Pradesh,7
0,2020-03-07,0,Union Territory of Ladakh,2
0,2020-03-07,0,Telengana,1
0,2020-03-07,0,Tamil Nadu,1
0,2020-03-07,0,Delhi,3
0,2020-03-07,0,Haryana,2
0,2020-03-07,0,Rajasthan,15
0,2020-03-08,0,Union Territory of Ladakh,2
0,2020-03-08,0,Telengana,1
0,2020-03-08,0,Tamil Nadu,1
0,2020-03-08,0,Rajasthan,15
3,2020-03-08,0,Kerala,8
0,2020-03-08,0,Haryana,2
0,2020-03-08,0,Delhi,3
0,2020-03-08,0,Uttar Pradesh,7
0,2020-03-09,0,Union Territory of Ladakh,2
0,2020-03-09,0,Karnataka,1
3,2020-03-09,0,Kerala,9
0,2020-03-09,0,Maharashtra,2
0,2020-03-09,0,Punjab,1
0,2020-03-09,0,Rajasthan,15
0,2020-03-09,0,Tamil Nadu,1
0,2020-03-09,0,Telengana,1
0,2020-03-09,0,Union Territory of Jammu and Kashmir,1
0,2020-03-09,0,Uttar Pradesh,7
0,2020-03-09,0,Haryana,2
0,2020-03-09,0,Delhi,4
0,2020-03-10,0,Uttar Pradesh,7
0,2020-03-10,0,Union Territory of Ladakh,2
0,2020-03-10,0,Delhi,4
0,2020-03-10,0,Haryana,2
0,2020-03-10,0,Karnataka,4
3,2020-03-10,0,Kerala,15
0,2020-03-10,0,Maharashtra,5
0,2020-03-10,0,Punjab,1
0,2020-03-10,0,Rajasthan,15
0,2020-03-10,0,Tamil Nadu,1
0,2020-03-10,0,Telengana,1
0,2020-03-10,0,Union Territory of Jammu and Kashmir,1
0,2020-03-11,0,Maharashtra,2
0,2020-03-11,0,Delhi,5
0,2020-03-11,0,Haryana,14
3,2020-03-11,0,Kerala,17
0,2020-03-11,0,Rajasthan,3
0,2020-03-11,0,Telengana,1
0,2020-03-11,0,Uttar Pradesh,9
0,2020-03-11,0,Union Territory of Ladakh,2
0,2020-03-11,0,Tamil Nadu,1
0,2020-03-11,0,Union Territory of Jammu and Kashmir,1
0,2020-03-11,0,Punjab,1
0,2020-03-11,0,Karnataka,4
0,2020-03-12,0,Delhi,6
0,2020-03-12,0,Haryana,14
3,2020-03-12,0,Kerala,17
0,2020-03-12,0,Rajasthan,3
0,2020-03-12,0,Telengana,1
0,2020-03-12,0,Uttar Pradesh,11
0,2020-03-12,0,Union Territory of Ladakh,3
0,2020-03-12,0,Tamil Nadu,1
0,2020-03-12,0,Union Territory of Jammu and Kashmir,1
0,2020-03-12,0,Punjab,1
0,2020-03-12,0,Karnataka,4
0,2020-03-12,0,Maharashtra,11
0,2020-03-12,0,Andhra Pradesh,1
0,2020-03-13,0,Delhi,6
0,2020-03-13,0,Haryana,14
3,2020-03-13,0,Kerala,19
0,2020-03-13,0,Rajasthan,3
0,2020-03-13,0,Telengana,1
0,2020-03-13,0,Uttar Pradesh,11
0,2020-03-13,0,Union Territory of Ladakh,3
0,2020-03-13,0,Tamil Nadu,1
0,2020-03-13,0,Union Territory of Jammu and Kashmir,1
0,2020-03-13,0,Punjab,1
0,2020-03-13,1,Karnataka,6
0,2020-03-13,0,Maharashtra,14
0,2020-03-13,0,Andhra Pradesh,1
1,2020-03-14,1,Delhi,7
0,2020-03-14,0,Haryana,14
3,2020-03-14,0,Kerala,19
1,2020-03-14,0,Rajasthan,3
0,2020-03-14,0,Telengana,1
5,2020-03-14,0,Uttar Pradesh,12
0,2020-03-14,0,Union Territory of Ladakh,3
0,2020-03-14,0,Tamil Nadu,1
0,2020-03-14,0,Union Territory of Jammu and Kashmir,2
0,2020-03-14,0,Punjab,1
0,2020-03-14,1,Karnataka,6
0,2020-03-14,0,Maharashtra,14
0,2020-03-14,0,Andhra Pradesh,1
0,2020-03-15,0,Andhra Pradesh,1
2,2020-03-15,1,Delhi,7
0,2020-03-15,0,Haryana,14
0,2020-03-15,1,Karnataka,6
3,2020-03-15,0,Kerala,22
0,2020-03-15,0,Maharashtra,32
0,2020-03-15,0,Punjab,1
3,2020-03-15,0,Rajasthan,4
0,2020-03-15,0,Tamil Nadu,1
1,2020-03-15,0,Telengana,3
0,2020-03-15,0,Union Territory of Jammu and Kashmir,2
0,2020-03-15,0,Union Territory of Ladakh,3
4,2020-03-15,0,Uttar Pradesh,13
0,2020-03-15,0,Uttarakhand,1
0,2020-03-16,0,Andhra Pradesh,1
2,2020-03-16,1,Delhi,7
0,2020-03-16,0,Haryana,14
0,2020-03-16,1,Karnataka,6
3,2020-03-16,0,Kerala,23
0,2020-03-16,0,Maharashtra,32
0,2020-03-16,0,Odisha,1
0,2020-03-16,0,Punjab,1
3,2020-03-16,0,Rajasthan,4
0,2020-03-16,0,Tamil Nadu,1
1,2020-03-16,0,Telengana,3
0,2020-03-16,0,Union Territory of Jammu and Kashmir,3
0,2020-03-16,0,Union Territory of Ladakh,4
4,2020-03-16,0,Uttar Pradesh,13
0,2020-03-16,0,Uttarakhand,1
0,2020-03-17,0,Andhra Pradesh,1
2,2020-03-17,1,Delhi,8
0,2020-03-17,0,Haryana,15
0,2020-03-17,1,Karnataka,11
3,2020-03-17,0,Kerala,26
0,2020-03-17,1,Maharashtra,39
0,2020-03-17,0,Odisha,1
0,2020-03-17,0,Punjab,1
3,2020-03-17,0,Rajasthan,4
0,2020-03-17,0,Tamil Nadu,1
1,2020-03-17,0,Telengana,5
0,2020-03-17,0,Union Territory of Jammu and Kashmir,3
0,2020-03-17,0,Union Territory of Ladakh,6
5,2020-03-17,0,Uttar Pradesh,15
0,2020-03-17,0,Uttarakhand,1
0,2020-03-18,0,Andhra Pradesh,1
2,2020-03-18,1,Delhi,10
0,2020-03-18,0,Haryana,17
0,2020-03-18,1,Karnataka,11
3,2020-03-18,0,Kerala,27
0,2020-03-18,1,Maharashtra,42
0,2020-03-18,0,Odisha,1
0,2020-03-18,0,Pondicherry,1
0,2020-03-18,0,Punjab,1
3,2020-03-18,0,Rajasthan,4
0,2020-03-18,0,Tamil Nadu,1
1,2020-03-18,0,Telengana,6
0,2020-03-18,0,Union Territory of Jammu and Kashmir,3
0,2020-03-18,0,Union Territory of Ladakh,8
5,2020-03-18,0,Uttar Pradesh,16
0,2020-03-18,0,Uttarakhand,1
0,2020-03-18,0,West Bengal,1
0,2020-03-19,0,Andhra Pradesh,2
0,2020-03-19,0,Chattisgarh,1
3,2020-03-19,1,Delhi,12
0,2020-03-19,0,Haryana,17
0,2020-03-19,1,Karnataka,14
3,2020-03-19,0,Kerala,27
0,2020-03-19,1,Maharashtra,47
0,2020-03-19,0,Odisha,1
0,2020-03-19,0,Pondicherry,1
0,2020-03-19,1,Punjab,2
3,2020-03-19,0,Rajasthan,7
1,2020-03-19,0,Tamil Nadu,2
1,2020-03-19,0,Telengana,6
0,2020-03-19,0,Union Territory of Chandigarh,1
0,2020-03-19,0,Union Territory of Jammu and Kashmir,4
0,2020-03-19,0,Union Territory of Ladakh,8
9,2020-03-19,0,Uttar Pradesh,19
0,2020-03-19,0,Uttarakhand,1
0,2020-03-19,0,West Bengal,1
0,2020-03-20,0,Andhra Pradesh,3
0,2020-03-20,0,Chhattisgarh,1
5,2020-03-20,1,Delhi,17
0,2020-03-20,0,Gujarat,5
0,2020-03-20,0,Haryana,17
1,2020-03-20,1,Karnataka,15
3,2020-03-20,0,Kerala,28
0,2020-03-20,1,Maharashtra,52
0,2020-03-20,0,Odisha,2
0,2020-03-20,0,Puducherry,1
0,2020-03-20,1,Punjab,2
3,2020-03-20,0,Rajasthan,17
1,2020-03-20,0,Tamil Nadu,3
1,2020-03-20,0,Telengana,17
0,2020-03-20,0,Union Territory of Chandigarh,1
0,2020-03-20,0,Union Territory of Jammu and Kashmir,4
0,2020-03-20,0,Union Territory of Ladakh,10
9,2020-03-20,0,Uttar Pradesh,23
0,2020-03-20,0,Uttarakhand,3
0,2020-03-20,0,West Bengal,2
0,2020-03-21,0,Andhra Pradesh,3
0,2020-03-21,0,Chhattisgarh,1
5,2020-03-21,1,Delhi,26
0,2020-03-21,0,Gujarat,7
0,2020-03-21,0,Haryana,17
0,2020-03-21,0,Himachal Pradesh,2
1,2020-03-21,1,Karnataka,15
3,2020-03-21,0,Kerala,40
0,2020-03-21,0,Madhya Pradesh,4
0,2020-03-21,1,Maharashtra,63
0,2020-03-21,0,Odisha,2
0,2020-03-21,0,Puducherry,1
0,2020-03-21,1,Punjab,13
3,2020-03-21,0,Rajasthan,17
1,2020-03-21,0,Tamil Nadu,3
1,2020-03-21,0,Telengana,21
0,2020-03-21,0,Chandigarh,1
0,2020-03-21,0,Jammu and Kashmir,4
0,2020-03-21,0,Ladakh,13
9,2020-03-21,0,Uttar Pradesh,24
0,2020-03-21,0,Uttarakhand,3
0,2020-03-21,0,West Bengal,3
0,2020-03-22,0,Andhra Pradesh,5
0,2020-03-22,1,Bihar,2
0,2020-03-22,0,Chhattisgarh,1
5,2020-03-22,1,Delhi,29
0,2020-03-22,1,Gujarat,18
0,2020-03-22,0,Haryana,21
0,2020-03-22,0,Himachal Pradesh,2
2,2020-03-22,1,Karnataka,26
3,2020-03-22,0,Kerala,52
0,2020-03-22,0,Madhya Pradesh,4
0,2020-03-22,2,Maharashtra,67
0,2020-03-22,0,Odisha,2
0,2020-03-22,0,Puducherry,1
0,2020-03-22,1,Punjab,21
3,2020-03-22,0,Rajasthan,24
1,2020-03-22,0,Tamil Nadu,7
1,2020-03-22,0,Telengana,22
0,2020-03-22,0,Chandigarh,5
0,2020-03-22,0,Jammu and Kashmir,4
0,2020-03-22,0,Ladakh,13
9,2020-03-22,0,Uttar Pradesh,27
0,2020-03-22,0,Uttarakhand,3
0,2020-03-22,0,West Bengal,4
0,2020-03-23,0,Andhra Pradesh,7
0,2020-03-23,1,Bihar,2
0,2020-03-23,0,Chhattisgarh,1
5,2020-03-23,1,Delhi,29
0,2020-03-23,1,Gujarat,29
0,2020-03-23,0,Haryana,26
0,2020-03-23,0,Himachal Pradesh,2
2,2020-03-23,1,Karnataka,33
3,2020-03-23,0,Kerala,67
0,2020-03-23,0,Madhya Pradesh,6
0,2020-03-23,2,Maharashtra,74
0,2020-03-23,0,Odisha,2
0,2020-03-23,0,Puducherry,1
0,2020-03-23,1,Punjab,21
3,2020-03-23,0,Rajasthan,28
1,2020-03-23,0,Tamil Nadu,9
1,2020-03-23,0,Telengana,32
0,2020-03-23,0,Chandigarh,6
0,2020-03-23,0,Jammu and Kashmir,4
0,2020-03-23,0,Ladakh,13
9,2020-03-23,0,Uttar Pradesh,31
0,2020-03-23,0,Uttarakhand,3
0,2020-03-23,0,West Bengal,7
0,2020-03-24,0,Andhra Pradesh,8
0,2020-03-24,1,Bihar,3
0,2020-03-24,0,Chhattisgarh,1
6,2020-03-24,2,Delhi,30
0,2020-03-24,1,Gujarat,33
11,2020-03-24,0,Haryana,28
0,2020-03-24,1,Himachal Pradesh,3
3,2020-03-24,1,Karnataka,37
4,2020-03-24,0,Kerala,95
0,2020-03-24,0,Madhya Pradesh,7
0,2020-03-24,2,Maharashtra,89
0,2020-03-24,0,Manipur,1
0,2020-03-24,0,Odisha,2
0,2020-03-24,0,Puducherry,1
0,2020-03-24,1,Punjab,29
3,2020-03-24,0,Rajasthan,32
1,2020-03-24,0,Tamil Nadu,15
1,2020-03-24,0,Telengana,35
0,2020-03-24,0,Chandigarh,7
0,2020-03-24,0,Jammu and Kashmir,4
0,2020-03-24,0,Ladakh,13
11,2020-03-24,0,Uttar Pradesh,33
0,2020-03-24,0,Uttarakhand,4
0,2020-03-24,1,West Bengal,9
1,2020-03-25,0,Andhra Pradesh,9
0,2020-03-25,1,Bihar,4
0,2020-03-25,0,Chhattisgarh,1
6,2020-03-25,1,Delhi,31
0,2020-03-25,1,Gujarat,38
11,2020-03-25,0,Haryana,28
0,2020-03-25,1,Himachal Pradesh,3
3,2020-03-25,1,Karnataka,41
4,2020-03-25,0,Kerala,109
0,2020-03-25,0,Madhya Pradesh,14
1,2020-03-25,3,Maharashtra,128
0,2020-03-25,0,Manipur,1
0,2020-03-25,0,Mizoram,1
0,2020-03-25,0,Odisha,2
0,2020-03-25,0,Puducherry,1
0,2020-03-25,1,Punjab,29
3,2020-03-25,0,Rajasthan,36
1,2020-03-25,0,Tamil Nadu,18
1,2020-03-25,0,Telengana,35
0,2020-03-25,0,Chandigarh,7
1,2020-03-25,0,Jammu and Kashmir,7
0,2020-03-25,0,Ladakh,13
11,2020-03-25,0,Uttar Pradesh,37
0,2020-03-25,0,Uttarakhand,4
0,2020-03-25,1,West Bengal,9
0,2020-03-26,0,Andaman and Nicobar Islands,1
1,2020-03-26,0,Andhra Pradesh,11
0,2020-03-26,1,Bihar,6
0,2020-03-26,0,Chandigarh,7
0,2020-03-26,0,Chhattisgarh,6
6,2020-03-26,1,Delhi,36
0,2020-03-26,0,Goa,3
0,2020-03-26,3,Gujarat,43
11,2020-03-26,0,Haryana,30
0,2020-03-26,1,Himachal Pradesh,3
1,2020-03-26,0,Jammu and Kashmir,13
3,2020-03-26,2,Karnataka,55
6,2020-03-26,0,Kerala,118
0,2020-03-26,0,Ladakh,13
0,2020-03-26,1,Madhya Pradesh,20
1,2020-03-26,3,Maharashtra,124
0,2020-03-26,0,Manipur,1
0,2020-03-26,0,Mizoram,1
0,2020-03-26,0,Odisha,2
0,2020-03-26,0,Puducherry,1
0,2020-03-26,1,Punjab,33
3,2020-03-26,0,Rajasthan,41
1,2020-03-26,1,Tamil Nadu,26
1,2020-03-26,0,Telengana,44
0,2020-03-26,0,Uttarakhand,5
11,2020-03-26,0,Uttar Pradesh,41
0,2020-03-26,1,West Bengal,10
0,2020-03-27,0,Andaman and Nicobar Islands,1
1,2020-03-27,0,Andhra Pradesh,12
0,2020-03-27,1,Bihar,6
0,2020-03-27,0,Chandigarh,7
0,2020-03-27,0,Chhattisgarh,6
6,2020-03-27,1,Delhi,36
0,2020-03-27,0,Goa,3
0,2020-03-27,3,Gujarat,43
11,2020-03-27,0,Haryana,30
0,2020-03-27,1,Himachal Pradesh,3
1,2020-03-27,1,Jammu and Kashmir,13
3,2020-03-27,2,Karnataka,55
11,2020-03-27,0,Kerala,137
3,2020-03-27,0,Ladakh,13
0,2020-03-27,1,Madhya Pradesh,20
15,2020-03-27,4,Maharashtra,130
0,2020-03-27,0,Manipur,1
0,2020-03-27,0,Mizoram,1
0,2020-03-27,0,Odisha,2
0,2020-03-27,0,Puducherry,1
0,2020-03-27,1,Punjab,33
3,2020-03-27,0,Rajasthan,41
1,2020-03-27,1,Tamil Nadu,29
1,2020-03-27,0,Telengana,45
0,2020-03-27,0,Uttarakhand,5
11,2020-03-27,0,Uttar Pradesh,41
0,2020-03-27,1,West Bengal,10
1,2020-03-28,0,Andhra Pradesh,14
0,2020-03-28,0,Andaman and Nicobar Islands,6
0,2020-03-28,1,Bihar,9
0,2020-03-28,0,Chandigarh,8
0,2020-03-28,0,Chhattisgarh,6
6,2020-03-28,1,Delhi,39
0,2020-03-28,0,Goa,3
0,2020-03-28,3,Gujarat,45
12,2020-03-28,0,Haryana,33
0,2020-03-28,1,Himachal Pradesh,3
1,2020-03-28,1,Jammu and Kashmir,20
3,2020-03-28,2,Karnataka,55
11,2020-03-28,0,Kerala,176
3,2020-03-28,0,Ladakh,13
0,2020-03-28,2,Madhya Pradesh,30
25,2020-03-28,5,Maharashtra,180
0,2020-03-28,0,Manipur,1
0,2020-03-28,0,Mizoram,1
0,2020-03-28,0,Odisha,3
0,2020-03-28,0,Puducherry,1
1,2020-03-28,1,Punjab,38
3,2020-03-28,0,Rajasthan,54
2,2020-03-28,1,Tamil Nadu,40
1,2020-03-28,0,Telengana,56
0,2020-03-28,0,Uttarakhand,5
11,2020-03-28,0,Uttar Pradesh,55
0,2020-03-28,1,West Bengal,15
1,2020-03-29,0,Andhra Pradesh,19
0,2020-03-29,0,Andaman and Nicobar Islands,9
0,2020-03-29,1,Bihar,11
0,2020-03-29,0,Chandigarh,8
0,2020-03-29,0,Chhattisgarh,7
6,2020-03-29,2,Delhi,49
0,2020-03-29,0,Goa,5
1,2020-03-29,5,Gujarat,58
17,2020-03-29,0,Haryana,33
0,2020-03-29,1,Himachal Pradesh,3
1,2020-03-29,2,Jammu and Kashmir,31
5,2020-03-29,3,Karnataka,76
15,2020-03-29,1,Kerala,182
3,2020-03-29,0,Ladakh,13
0,2020-03-29,2,Madhya Pradesh,30
25,2020-03-29,6,Maharashtra,186
0,2020-03-29,0,Manipur,1
0,2020-03-29,0,Mizoram,1
0,2020-03-29,0,Odisha,3
0,2020-03-29,0,Puducherry,1
1,2020-03-29,1,Punjab,38
3,2020-03-29,0,Rajasthan,55
4,2020-03-29,1,Tamil Nadu,49
1,2020-03-29,1,Telengana,66
2,2020-03-29,0,Uttarakhand,7
11,2020-03-29,0,Uttar Pradesh,65
0,2020-03-29,1,West Bengal,18
1,2020-03-30,0,Andhra Pradesh,23
0,2020-03-30,0,Andaman and Nicobar Islands,9
0,2020-03-30,1,Bihar,15
0,2020-03-30,0,Chandigarh,8
0,2020-03-30,0,Chhattisgarh,7
6,2020-03-30,2,Delhi,87
0,2020-03-30,0,Goa,5
1,2020-03-30,6,Gujarat,69
18,2020-03-30,0,Haryana,36
0,2020-03-30,1,Himachal Pradesh,3
2,2020-03-30,2,Jammu and Kashmir,48
5,2020-03-30,3,Karnataka,83
19,2020-03-30,1,Kerala,202
3,2020-03-30,0,Ladakh,13
0,2020-03-30,3,Madhya Pradesh,47
25,2020-03-30,8,Maharashtra,198
0,2020-03-30,0,Manipur,1
0,2020-03-30,0,Mizoram,1
0,2020-03-30,0,Odisha,3
0,2020-03-30,0,Puducherry,1
1,2020-03-30,1,Punjab,38
3,2020-03-30,0,Rajasthan,59
4,2020-03-30,1,Tamil Nadu,67
1,2020-03-30,1,Telengana,71
2,2020-03-30,0,Uttarakhand,7
11,2020-03-30,0,Uttar Pradesh,82
0,2020-03-30,2,West Bengal,22
1,2020-03-31,0,Andhra Pradesh,40
0,2020-03-31,0,Andaman and Nicobar Islands,10
0,2020-03-31,1,Bihar,15
0,2020-03-31,0,Chandigarh,13
0,2020-03-31,0,Chhattisgarh,8
6,2020-03-31,2,Delhi,97
0,2020-03-31,0,Goa,5
3,2020-03-31,6,Gujarat,73
21,2020-03-31,0,Haryana,40
0,2020-03-31,1,Himachal Pradesh,3
2,2020-03-31,2,Jammu and Kashmir,54
5,2020-03-31,3,Karnataka,83
19,2020-03-31,1,Kerala,234
3,2020-03-31,0,Ladakh,13
0,2020-03-31,3,Madhya Pradesh,47
39,2020-03-31,9,Maharashtra,216
0,2020-03-31,0,Manipur,1
0,2020-03-31,0,Mizoram,1
0,2020-03-31,0,Odisha,3
0,2020-03-31,0,Puducherry,1
1,2020-03-31,3,Punjab,41
3,2020-03-31,0,Rajasthan,74
4,2020-03-31,1,Tamil Nadu,74
1,2020-03-31,1,Telengana,79
2,2020-03-31,0,Uttarakhand,7
14,2020-03-31,0,Uttar Pradesh,101
0,2020-03-31,2,West Bengal,26
1,2020-04-01,0,Andhra Pradesh,83
0,2020-04-01,0,Andaman and Nicobar Islands,10
0,2020-04-01,1,Bihar,23
0,2020-04-01,0,Chandigarh,13
0,2020-04-01,0,Chhattisgarh,9
6,2020-04-01,2,Delhi,120
0,2020-04-01,0,Goa,5
5,2020-04-01,6,Gujarat,74
21,2020-04-01,0,Haryana,43
0,2020-04-01,1,Himachal Pradesh,3
2,2020-04-01,2,Jammu and Kashmir,55
8,2020-04-01,3,Karnataka,101
23,2020-04-01,2,Kerala,241
3,2020-04-01,0,Ladakh,13
0,2020-04-01,3,Madhya Pradesh,47
39,2020-04-01,9,Maharashtra,302
0,2020-04-01,0,Manipur,1
0,2020-04-01,0,Mizoram,1
0,2020-04-01,0,Odisha,4
0,2020-04-01,0,Puducherry,1
1,2020-04-01,3,Punjab,41
3,2020-04-01,0,Rajasthan,93
4,2020-04-01,1,Tamil Nadu,124
1,2020-04-01,3,Telengana,94
2,2020-04-01,0,Uttarakhand,7
14,2020-04-01,0,Uttar Pradesh,103
0,2020-04-01,2,West Bengal,26
1,2020-04-02,1,Andhra Pradesh,86
0,2020-04-02,0,Andaman and Nicobar Islands,10
0,2020-04-02,0,Assam,5
0,2020-04-02,1,Bihar,24
0,2020-04-02,0,Chandigarh,16
2,2020-04-02,0,Chhattisgarh,9
8,2020-04-02,4,Delhi,219
0,2020-04-02,0,Goa,5
8,2020-04-02,7,Gujarat,87
21,2020-04-02,0,Haryana,43
1,2020-04-02,1,Himachal Pradesh,3
2,2020-04-02,2,Jammu and Kashmir,62
0,2020-04-02,0,Jharkhand,1
9,2020-04-02,3,Karnataka,110
25,2020-04-02,2,Kerala,265
3,2020-04-02,0,Ladakh,13
0,2020-04-02,6,Madhya Pradesh,99
42,2020-04-02,13,Maharashtra,335
0,2020-04-02,0,Manipur,1
0,2020-04-02,0,Mizoram,1
0,2020-04-02,0,Odisha,4
1,2020-04-02,0,Puducherry,3
1,2020-04-02,4,Punjab,46
3,2020-04-02,0,Rajasthan,108
6,2020-04-02,1,Tamil Nadu,234
1,2020-04-02,3,Telengana,107
2,2020-04-02,0,Uttarakhand,7
14,2020-04-02,2,Uttar Pradesh,113
6,2020-04-02,3,West Bengal,53
1,2020-04-03,1,Andhra Pradesh,132
0,2020-04-03,0,Andaman and Nicobar Islands,10
0,2020-04-03,0,Arunachal Pradesh,1
0,2020-04-03,0,Assam,16
0,2020-04-03,1,Bihar,24
0,2020-04-03,0,Chandigarh,18
2,2020-04-03,0,Chhattisgarh,9
8,2020-04-03,4,Delhi,219
0,2020-04-03,0,Goa,6
8,2020-04-03,7,Gujarat,87
21,2020-04-03,0,Haryana,43
1,2020-04-03,1,Himachal Pradesh,6
3,2020-04-03,2,Jammu and Kashmir,70
0,2020-04-03,0,Jharkhand,2
10,2020-04-03,3,Karnataka,124
27,2020-04-03,2,Kerala,286
3,2020-04-03,0,Ladakh,14
0,2020-04-03,6,Madhya Pradesh,99
42,2020-04-03,16,Maharashtra,335
0,2020-04-03,0,Manipur,2
0,2020-04-03,0,Mizoram,1
0,2020-04-03,0,Odisha,5
1,2020-04-03,0,Puducherry,3
1,2020-04-03,4,Punjab,46
3,2020-04-03,0,Rajasthan,133
6,2020-04-03,1,Tamil Nadu,309
1,2020-04-03,3,Telengana,107
2,2020-04-03,0,Uttarakhand,10
14,2020-04-03,2,Uttar Pradesh,113
3,2020-04-03,3,West Bengal,53
1,2020-04-04,1,Andhra Pradesh,161
0,2020-04-04,0,Andaman and Nicobar Islands,10
0,2020-04-04,0,Arunachal Pradesh,1
0,2020-04-04,0,Assam,24
0,2020-04-04,1,Bihar,30
0,2020-04-04,0,Chandigarh,18
3,2020-04-04,0,Chhattisgarh,9
15,2020-04-04,6,Delhi,445
0,2020-04-04,0,Goa,7
14,2020-04-04,10,Gujarat,105
24,2020-04-04,0,Haryana,49
1,2020-04-04,1,Himachal Pradesh,6
3,2020-04-04,2,Jammu and Kashmir,75
0,2020-04-04,0,Jharkhand,2
12,2020-04-04,3,Karnataka,128
41,2020-04-04,2,Kerala,295
3,2020-04-04,0,Ladakh,14
0,2020-04-04,6,Madhya Pradesh,104
42,2020-04-04,24,Maharashtra,490
0,2020-04-04,0,Manipur,2
0,2020-04-04,0,Mizoram,1
0,2020-04-04,0,Odisha,5
1,2020-04-04,0,Puducherry,5
1,2020-04-04,5,Punjab,57
21,2020-04-04,0,Rajasthan,200
6,2020-04-04,2,Tamil Nadu,411
1,2020-04-04,7,Telengana,159
2,2020-04-04,0,Uttarakhand,16
19,2020-04-04,2,Uttar Pradesh,174
3,2020-04-04,3,West Bengal,69
1,2020-04-05,1,Andhra Pradesh,190
0,2020-04-05,0,Andaman and Nicobar Islands,10
0,2020-04-05,0,Arunachal Pradesh,1
0,2020-04-05,0,Assam,26
0,2020-04-05,1,Bihar,30
0,2020-04-05,0,Chandigarh,18
3,2020-04-05,0,Chhattisgarh,9
18,2020-04-05,7,Delhi,503
0,2020-04-05,0,Goa,7
18,2020-04-05,11,Gujarat,122
25,2020-04-05,1,Haryana,59
1,2020-04-05,1,Himachal Pradesh,6
4,2020-04-05,2,Jammu and Kashmir,106
0,2020-04-05,0,Jharkhand,3
12,2020-04-05,4,Karnataka,144
49,2020-04-05,2,Kerala,306
10,2020-04-05,0,Ladakh,14
0,2020-04-05,9,Madhya Pradesh,165
42,2020-04-05,24,Maharashtra,490
0,2020-04-05,0,Manipur,2
0,2020-04-05,0,Mizoram,1
0,2020-04-05,0,Odisha,20
1,2020-04-05,0,Puducherry,5
1,2020-04-05,5,Punjab,57
21,2020-04-05,0,Rajasthan,200
6,2020-04-05,3,Tamil Nadu,485
32,2020-04-05,7,Telengana,269
2,2020-04-05,0,Uttarakhand,22
19,2020-04-05,2,Uttar Pradesh,227
10,2020-04-05,3,West Bengal,80
1,2020-04-06,3,Andhra Pradesh,266
0,2020-04-06,0,Andaman and Nicobar Islands,10
0,2020-04-06,0,Arunachal Pradesh,1
0,2020-04-06,0,Assam,26
0,2020-04-06,1,Bihar,32
0,2020-04-06,0,Chandigarh,18
8,2020-04-06,0,Chhattisgarh,10
19,2020-04-06,7,Delhi,523
0,2020-04-06,0,Goa,7
22,2020-04-06,12,Gujarat,144
25,2020-04-06,1,Haryana,90
2,2020-04-06,1,Himachal Pradesh,13
4,2020-04-06,2,Jammu and Kashmir,109
0,2020-04-06,0,Jharkhand,4
12,2020-04-06,4,Karnataka,151
58,2020-04-06,2,Kerala,327
10,2020-04-06,0,Ladakh,14
0,2020-04-06,9,Madhya Pradesh,165
56,2020-04-06,45,Maharashtra,748
0,2020-04-06,0,Manipur,2
0,2020-04-06,0,Mizoram,1
2,2020-04-06,0,Odisha,21
1,2020-04-06,0,Puducherry,5
4,2020-04-06,6,Punjab,76
21,2020-04-06,3,Rajasthan,288
8,2020-04-06,5,Tamil Nadu,621
34,2020-04-06,7,Telengana,321
0,2020-04-06,0,Tripura,1
5,2020-04-06,0,Uttarakhand,31
21,2020-04-06,3,Uttar Pradesh,305
13,2020-04-06,3,West Bengal,91
1,2020-04-07,3,Andhra Pradesh,266
0,2020-04-07,0,Andaman and Nicobar Islands,10
0,2020-04-07,0,Arunachal Pradesh,1
0,2020-04-07,0,Assam,26
0,2020-04-07,1,Bihar,32
7,2020-04-07,0,Chandigarh,18
9,2020-04-07,0,Chhattisgarh,10
21,2020-04-07,7,Delhi,576
0,2020-04-07,0,Goa,7
25,2020-04-07,13,Gujarat,165
25,2020-04-07,1,Haryana,90
2,2020-04-07,1,Himachal Pradesh,13
4,2020-04-07,2,Jammu and Kashmir,116
0,2020-04-07,0,Jharkhand,4
25,2020-04-07,4,Karnataka,175
58,2020-04-07,2,Kerala,327
10,2020-04-07,0,Ladakh,14
0,2020-04-07,13,Madhya Pradesh,229
56,2020-04-07,48,Maharashtra,868
0,2020-04-07,0,Manipur,2
0,2020-04-07,0,Mizoram,1
2,2020-04-07,1,Odisha,42
1,2020-04-07,0,Puducherry,5
4,2020-04-07,7,Punjab,91
21,2020-04-07,3,Rajasthan,288
8,2020-04-07,5,Tamil Nadu,621
35,2020-04-07,7,Telengana,364
0,2020-04-07,0,Tripura,1
5,2020-04-07,0,Uttarakhand,31
21,2020-04-07,3,Uttar Pradesh,305
13,2020-04-07,3,West Bengal,91
5,2020-04-08,4,Andhra Pradesh,305
0,2020-04-08,0,Andaman and Nicobar Islands,10
0,2020-04-08,0,Arunachal Pradesh,1
0,2020-04-08,0,Assam,27
0,2020-04-08,1,Bihar,38
7,2020-04-08,0,Chandigarh,18
9,2020-04-08,0,Chhattisgarh,10
21,2020-04-08,9,Delhi,576
0,2020-04-08,0,Goa,7
25,2020-04-08,13,Gujarat,165
28,2020-04-08,3,Haryana,147
2,2020-04-08,1,Himachal Pradesh,18
4,2020-04-08,2,Jammu and Kashmir,116
0,2020-04-08,0,Jharkhand,4
25,2020-04-08,4,Karnataka,175
70,2020-04-08,2,Kerala,336
10,2020-04-08,0,Ladakh,14
0,2020-04-08,13,Madhya Pradesh,229
79,2020-04-08,64,Maharashtra,1018
0,2020-04-08,0,Manipur,2
0,2020-04-08,0,Mizoram,1
2,2020-04-08,1,Odisha,42
1,2020-04-08,0,Puducherry,5
4,2020-04-08,7,Punjab,91
21,2020-04-08,3,Rajasthan,328
19,2020-04-08,7,Tamil Nadu,690
35,2020-04-08,7,Telengana,427
0,2020-04-08,0,Tripura,1
5,2020-04-08,0,Uttarakhand,31
26,2020-04-08,3,Uttar Pradesh,343
13,2020-04-08,5,West Bengal,99
6,2020-04-09,4,Andhra Pradesh,348
0,2020-04-09,0,Andaman and Nicobar Islands,11
0,2020-04-09,0,Arunachal Pradesh,1
0,2020-04-09,0,Assam,28
0,2020-04-09,1,Bihar,38
7,2020-04-09,0,Chandigarh,18
9,2020-04-09,0,Chhattisgarh,10
21,2020-04-09,9,Delhi,669
0,2020-04-09,0,Goa,7
25,2020-04-09,16,Gujarat,179
28,2020-04-09,3,Haryana,147
2,2020-04-09,1,Himachal Pradesh,18
4,2020-04-09,4,Jammu and Kashmir,158
0,2020-04-09,0,Jharkhand,4
28,2020-04-09,5,Karnataka,181
83,2020-04-09,2,Kerala,345
10,2020-04-09,0,Ladakh,14
0,2020-04-09,13,Madhya Pradesh,229
117,2020-04-09,72,Maharashtra,1135
1,2020-04-09,0,Manipur,1
0,2020-04-09,0,Mizoram,1
2,2020-04-09,1,Odisha,42
1,2020-04-09,0,Puducherry,5
4,2020-04-09,8,Punjab,101
21,2020-04-09,3,Rajasthan,381
21,2020-04-09,8,Tamil Nadu,738
35,2020-04-09,7,Telengana,427
0,2020-04-09,0,Tripura,1
5,2020-04-09,0,Uttarakhand,33
27,2020-04-09,4,Uttar Pradesh,361
16,2020-04-09,5,West Bengal,103
7,2020-04-10,6,Andhra Pradesh,363
0,2020-04-10,0,Andaman and Nicobar Islands,11
0,2020-04-10,0,Arunachal Pradesh,1
0,2020-04-10,0,Assam,29
0,2020-04-10,1,Bihar,60
7,2020-04-10,0,Chandigarh,18
9,2020-04-10,0,Chhattisgarh,10
25,2020-04-10,13,Delhi,898
1,2020-04-10,0,Goa,7
26,2020-04-10,17,Gujarat,241
29,2020-04-10,3,Haryana,169
6,2020-04-10,1,Himachal Pradesh,28
6,2020-04-10,4,Jammu and Kashmir,184
0,2020-04-10,1,Jharkhand,13
30,2020-04-10,6,Karnataka,197
96,2020-04-10,2,Kerala,357
10,2020-04-10,0,Ladakh,15
0,2020-04-10,16,Madhya Pradesh,259
125,2020-04-10,97,Maharashtra,1364
1,2020-04-10,0,Manipur,2
0,2020-04-10,0,Mizoram,1
2,2020-04-10,1,Odisha,44
1,2020-04-10,0,Puducherry,5
5,2020-04-10,11,Punjab,132
21,2020-04-10,3,Rajasthan,463
21,2020-04-10,8,Tamil Nadu,834
35,2020-04-10,7,Telengana,473
0,2020-04-10,0,Tripura,1
5,2020-04-10,0,Uttarakhand,35
32,2020-04-10,4,Uttar Pradesh,431
16,2020-04-10,5,West Bengal,116
11,2020-04-11,6,Andhra Pradesh,381
0,2020-04-11,0,Andaman and Nicobar Islands,11
0,2020-04-11,0,Arunachal Pradesh,1
0,2020-04-11,1,Assam,29
0,2020-04-11,1,Bihar,60
7,2020-04-11,0,Chandigarh,18
9,2020-04-11,0,Chhattisgarh,18
25,2020-04-11,14,Delhi,903
1,2020-04-11,0,Goa,7
31,2020-04-11,19,Gujarat,308
29,2020-04-11,3,Haryana,177
6,2020-04-11,1,Himachal Pradesh,28
6,2020-04-11,4,Jammu and Kashmir,207
0,2020-04-11,1,Jharkhand,17
37,2020-04-11,6,Karnataka,214
123,2020-04-11,2,Kerala,364
10,2020-04-11,0,Ladakh,15
0,2020-04-11,33,Madhya Pradesh,443
188,2020-04-11,110,Maharashtra,1574
1,2020-04-11,0,Manipur,2
0,2020-04-11,0,Mizoram,1
2,2020-04-11,1,Odisha,48
1,2020-04-11,0,Puducherry,7
5,2020-04-11,11,Punjab,132
21,2020-04-11,3,Rajasthan,553
44,2020-04-11,8,Tamil Nadu,911
43,2020-04-11,9,Telengana,504
0,2020-04-11,0,Tripura,2
5,2020-04-11,0,Uttarakhand,35
32,2020-04-11,4,Uttar Pradesh,433
16,2020-04-11,5,West Bengal,126
